CountryName,Group,GroupID,FifaRank,Cost,FlagURL
Algeria,J,J2,35,21,https://upload.wikimedia.org/wikipedia/commons/thumb/7/77/Flag_of_Algeria.svg/60px-Flag_of_Algeria.svg.png
Argentina,J,J1,2,47,https://upload.wikimedia.org/wikipedia/commons/thumb/1/1a/Flag_of_Argentina.svg/60px-Flag_of_Argentina.svg.png
Australia,D,D3,26,26,https://upload.wikimedia.org/wikipedia/commons/thumb/b/b9/Flag_of_Australia.svg/60px-Flag_of_Australia.svg.png
Austria,J,J3,24,27,https://upload.wikimedia.org/wikipedia/commons/thumb/4/41/Flag_of_Austria.svg/60px-Flag_of_Austria.svg.png
Belgium,G,G1,8,41,https://upload.wikimedia.org/wikipedia/commons/thumb/6/65/Flag_of_Belgium.svg/60px-Flag_of_Belgium.svg.png
Brazil,C,C1,5,44,https://upload.wikimedia.org/wikipedia/commons/thumb/0/05/Flag_of_Brazil.svg/60px-Flag_of_Brazil.svg.png
Canada,B,B1,27,25,https://upload.wikimedia.org/wikipedia/commons/thumb/c/cf/Flag_of_Canada.svg/60px-Flag_of_Canada.svg.png
Cape Verde,H,H2,68,11,https://upload.wikimedia.org/wikipedia/commons/thumb/3/38/Flag_of_Cape_Verde.svg/60px-Flag_of_Cape_Verde.svg.png
Colombia,K,K4,13,37,https://upload.wikimedia.org/wikipedia/commons/thumb/2/21/Flag_of_Colombia.svg/60px-Flag_of_Colombia.svg.png
Croatia,L,L2,10,39,https://upload.wikimedia.org/wikipedia/commons/thumb/1/1b/Flag_of_Croatia.svg/60px-Flag_of_Croatia.svg.png
Curaçao,E,E2,82,9,https://upload.wikimedia.org/wikipedia/commons/thumb/0/0f/Flag_of_Curaçao.svg/60px-Flag_of_Curaçao.svg.png
Ecuador,E,E4,23,28,https://upload.wikimedia.org/wikipedia/commons/thumb/e/e8/Flag_of_Ecuador.svg/60px-Flag_of_Ecuador.svg.png
Egypt,G,G2,34,22,https://upload.wikimedia.org/wikipedia/commons/thumb/f/fe/Flag_of_Egypt.svg/60px-Flag_of_Egypt.svg.png
England,L,L1,4,45,https://upload.wikimedia.org/wikipedia/commons/thumb/b/be/Flag_of_England.svg/60px-Flag_of_England.svg.png
France,I,I1,3,46,https://upload.wikimedia.org/wikipedia/commons/thumb/c/c3/Flag_of_France.svg/60px-Flag_of_France.svg.png
Germany,E,E1,9,40,https://upload.wikimedia.org/wikipedia/commons/thumb/b/ba/Flag_of_Germany.svg/60px-Flag_of_Germany.svg.png
Ghana,L,L3,72,10,https://upload.wikimedia.org/wikipedia/commons/thumb/1/19/Flag_of_Ghana.svg/60px-Flag_of_Ghana.svg.png
Haiti,C,C3,84,8,https://upload.wikimedia.org/wikipedia/commons/thumb/5/56/Flag_of_Haiti.svg/60px-Flag_of_Haiti.svg.png
IC Path 1 winner[A][B],K,K2,91,2,https://upload.wikimedia.org/wikipedia/commons/thumb/2/2a/Flag_of_None.svg/60px-Flag_of_None.svg.png
IC Path 2 winner[A][C],I,I3,92,1,https://upload.wikimedia.org/wikipedia/commons/thumb/2/2a/Flag_of_None.svg/60px-Flag_of_None.svg.png
Iran,G,G3,20,30,https://upload.wikimedia.org/wikipedia/commons/thumb/c/ca/Flag_of_Iran.svg/60px-Flag_of_Iran.svg.png
Ivory Coast,E,E3,42,17,https://upload.wikimedia.org/wikipedia/commons/thumb/c/cf/Flag_of_Ivory_Coast.svg/60px-Flag_of_Ivory_Coast.svg.png
Japan,F,F2,18,32,https://upload.wikimedia.org/wikipedia/commons/thumb/9/9e/Flag_of_Japan.svg/60px-Flag_of_Japan.svg.png
Jordan,J,J4,66,12,https://upload.wikimedia.org/wikipedia/commons/thumb/c/c0/Flag_of_Jordan.svg/60px-Flag_of_Jordan.svg.png
Mexico,A,A1,15,35,https://upload.wikimedia.org/wikipedia/commons/thumb/f/fc/Flag_of_Mexico.svg/60px-Flag_of_Mexico.svg.png
Morocco,C,C2,11,38,https://upload.wikimedia.org/wikipedia/commons/thumb/2/2c/Flag_of_Morocco.svg/60px-Flag_of_Morocco.svg.png
Netherlands,F,F1,7,42,https://upload.wikimedia.org/wikipedia/commons/thumb/2/20/Flag_of_the_Netherlands.svg/60px-Flag_of_the_Netherlands.svg.png
New Zealand,G,G4,86,7,https://upload.wikimedia.org/wikipedia/commons/thumb/3/3e/Flag_of_New_Zealand.svg/60px-Flag_of_New_Zealand.svg.png
Norway,I,I4,29,24,https://upload.wikimedia.org/wikipedia/commons/thumb/d/d9/Flag_of_Norway.svg/60px-Flag_of_Norway.svg.png
Panama,L,L4,30,23,https://upload.wikimedia.org/wikipedia/commons/thumb/a/ab/Flag_of_Panama.svg/60px-Flag_of_Panama.svg.png
Paraguay,D,D2,39,19,https://upload.wikimedia.org/wikipedia/commons/thumb/2/27/Flag_of_Paraguay.svg/60px-Flag_of_Paraguay.svg.png
Portugal,K,K1,6,43,https://upload.wikimedia.org/wikipedia/commons/thumb/5/5c/Flag_of_Portugal.svg/60px-Flag_of_Portugal.svg.png
Qatar,B,B3,51,15,https://upload.wikimedia.org/wikipedia/commons/thumb/6/65/Flag_of_Qatar.svg/60px-Flag_of_Qatar.svg.png
Saudi Arabia,H,H3,60,14,https://upload.wikimedia.org/wikipedia/commons/thumb/0/0d/Flag_of_Saudi_Arabia.svg/60px-Flag_of_Saudi_Arabia.svg.png
Scotland,C,C4,36,20,https://upload.wikimedia.org/wikipedia/commons/thumb/1/10/Flag_of_Scotland.svg/60px-Flag_of_Scotland.svg.png
Senegal,I,I2,19,31,https://upload.wikimedia.org/wikipedia/commons/thumb/f/fd/Flag_of_Senegal.svg/60px-Flag_of_Senegal.svg.png
South Africa,A,A2,61,13,https://upload.wikimedia.org/wikipedia/commons/thumb/a/af/Flag_of_South_Africa.svg/60px-Flag_of_South_Africa.svg.png
South Korea,A,A3,22,29,https://upload.wikimedia.org/wikipedia/commons/thumb/0/09/Flag_of_South_Korea.svg/60px-Flag_of_South_Korea.svg.png
Spain,H,H1,1,48,https://upload.wikimedia.org/wikipedia/commons/thumb/9/9a/Flag_of_Spain.svg/60px-Flag_of_Spain.svg.png
Switzerland,B,B4,17,33,https://upload.wikimedia.org/wikipedia/commons/thumb/f/f3/Flag_of_Switzerland.svg/60px-Flag_of_Switzerland.svg.png
Tunisia,F,F4,40,18,https://upload.wikimedia.org/wikipedia/commons/thumb/c/ce/Flag_of_Tunisia.svg/60px-Flag_of_Tunisia.svg.png
UEFA Path A winner[A],B,B2,87,6,https://upload.wikimedia.org/wikipedia/commons/thumb/2/2a/Flag_of_None.svg/60px-Flag_of_None.svg.png
UEFA Path B winner[A],F,F3,88,5,https://upload.wikimedia.org/wikipedia/commons/thumb/2/2a/Flag_of_None.svg/60px-Flag_of_None.svg.png
UEFA Path C winner[A],D,D4,89,4,https://upload.wikimedia.org/wikipedia/commons/thumb/2/2a/Flag_of_None.svg/60px-Flag_of_None.svg.png
UEFA Path D winner[A],A,A4,90,3,https://upload.wikimedia.org/wikipedia/commons/thumb/2/2a/Flag_of_None.svg/60px-Flag_of_None.svg.png
United States,D,D1,14,36,https://upload.wikimedia.org/wikipedia/commons/thumb/a/a4/Flag_of_the_United_States.svg/60px-Flag_of_the_United_States.svg.png
Uruguay,H,H4,16,34,https://upload.wikimedia.org/wikipedia/commons/thumb/f/fe/Flag_of_Uruguay.svg/60px-Flag_of_Uruguay.svg.png
Uzbekistan,K,K3,50,16,https://upload.wikimedia.org/wikipedia/commons/thumb/8/84/Flag_of_Uzbekistan.svg/60px-Flag_of_Uzbekistan.svg.png